,target,id,text
0,CSCO,1455357657674571777,11/2 watchlist üßû‚Äç‚ôÇÔ∏è $DIS üìà $HOOD üìà $TMC üìà $AAL üìà $DISCA üìà $OSMT üìà $CSCO üìà
1,CSCO,1455355820795826176,"RT @Dividend_Dollar: You could earn MONTHLY dividends with these 3 stocks  $CSCO January, April, July, October $ABBV February, May, August,‚Ä¶"
2,CSCO,1455351771874873349,"CSCO short entry on 2021-10-04 at 54.04, current stop at 58.33, B% is 0.79, return -3.81%, expectancy 14.34%"
3,CSCO,1455346059551588353,11/2 Watchlist  $C Calls &gt; 70 | Puts &lt; 69 $AAPL Calls &gt; 149.7 | Puts &lt; 147.8 $CSCO Calls &gt; 56.25 | Puts &lt; 55.5 $LYFT Calls &gt; 46.5 | Puts &lt; 45 $CAT Calls &gt; 206.88 | Puts &lt; 203.81 $LCID Calls &gt; 40.17 | Puts &lt; 35.73  LETS KILL IT!! GOOD LUCK GANG https://t.co/OQIoSL8iR4
4,CSCO,1455342964650266627,"@jpow_lord @anthonypesec @elonmusk Cisco (csco) in 1999 was briefly the most valuable company in the world. The c-suite guidance was for year on year domination of routers--and they are still under water from height of dot com--but delivered on guidance. Stock price doesn't match reality, got it?"
5,CSCO,1455340561242669060,Cisco Systems Inc - $CSCO  üí∞ QUOTE $CSCO was UP ‚¨Ü on Mon Nov 01 Closed at 56.10 USD for a 0.23% gain from previous close üìà üìà üìà  üìä ANALYSIS Cisco Systems Inc should be nationalized ‚ò≠ ‚ò≠ ‚ò≠
6,CSCO,1455323779106705409,"Bought calls for $GO, $CSCO and $MAA last week. #options"
7,FAST,1455357803476881412,"RT @espn: Eli couldn't believe how fast Peyton was eating his food üòÇ  ""Are you breathing?! You just ate a whole piece of chicken nonstop.""‚Ä¶"
8,FAST,1455357802759667716,RT @lexie_giveaways: FAST GA ‚Ä¢ 15 mins ‚ú®  ‚Äî rt/like quoted tweet + rt
9,FAST,1455357801845362691,RT @the_yellow_fall: semgrep v0.71 releases: Fast and syntax-aware semantic code pattern search https://t.co/APPslSAekt #opensource #infose‚Ä¶
10,FAST,1455357801665007620,"@__enterprise__ @MrPoliTweets @NotBruinOregon @kovalev87 @peaceonearthplz @doodletisse @AriBerman Hi, I am available to do the homework assignments for you. I am efficient and super fast."
11,FAST,1455357800582762496,"Thank you @skzwinkscart and @hanimails for the fast transaction! My IN, Han and Changbin came home safely! Thank you so much üòä #haniproofs https://t.co/sr6VajvBGn"
12,FAST,1455357800545021958,Fast and the furious 8 is crazy because everybody else chose cars that could drive on the snow and this nigga tyrese picked a bright orange lambo üòÇüòÇ
13,FAST,1455357800335364098,"RT @bunniefied: $5 | ‚Ç±230 | 65.000 IDR   RT, follow me + reply @bunniefied  ends fast today!! üçù"
14,FAST,1455357799035064322,RT @milleeunje: FAST GIVEAWAY SALDO üíñ all e-wallet/gcash/paypal  - Retweet - Retweet my pinned üìå  End? 60 minutes
15,FAST,1455357797764304903,RT @st4rrx: i‚Äôm both a ‚Äúfast replier‚Äù and ‚Äúnever replies‚Äù type of person. it depends on my mood and who u are
16,FAST,1455357796820656130,"RT @espn: Eli couldn't believe how fast Peyton was eating his food üòÇ  ""Are you breathing?! You just ate a whole piece of chicken nonstop.""‚Ä¶"
17,FAST,1455357793989500933,RT @third_artifact: I‚Äôve noticed a lot of content creators are struggling with their mental health lately. With the seasons changing and wi‚Ä¶
18,FAST,1455357793385418755,RT @VerdeGives: FAST GIVEAWAY in 10 minutes!!! - rt + rt my üìå
19,FAST,1455357793355980800,RT @Sashapromotes: FAST GIVEAWAY ‚ö°  ‚Äî like @Gemshunterabi üìå ‚Äî retweet
20,FAST,1455357792819326981,RT @Brooklynwatch: @NYC_DOT @nyctaxi @NYCSchools @NYCSeniors @NYPDTransport @nycHealthy @NYCHealthSystem @nyc311 With all due respect.....B‚Ä¶
21,FAST,1455357792324292615,"RT @wolvesmaw: Looking at reviews for a book I‚Äôm listening to about a Puritan woman and a goat man forest spirit and one of them was like,‚Ä¶"
22,FAST,1455357792085176323,RT @ZOO_FESS: Zoo im fast ‚ö°‚ö°‚ö°  https://t.co/EKZd1NgGy6
23,FAST,1455357792043220995,RT @Sashapromotes: FAST GIVEAWAY ‚ö°  ‚Äî like @Gemshunterabi üìå ‚Äî retweet
24,FAST,1455357790973792258,RT @Gainmutualsm: Actives! retweet fast for 300 new moots! üêù
25,FAST,1455357790600392704,RT @berriviv: FAST GIVEAWAY ‚ö°  ‚Äî rt + follow @AnnaProms
26,FAST,1455357789161746433,RT @SierraWhiskey9: Never heard CNN go so quiet so fast. https://t.co/Pw4e6rPp1c
27,FAST,1455357785223401478,"RT @espn: Eli couldn't believe how fast Peyton was eating his food üòÇ  ""Are you breathing?! You just ate a whole piece of chicken nonstop.""‚Ä¶"
28,FAST,1455357783528849422,RT @KANEMlRAGE: Nicki Minaj can make club bangers for the stripper but she can also make lyrical masterpieces that‚Äôs the difference and it‚Äô‚Ä¶
29,FAST,1455357782891196416,RT @BethanyCherisse: Fast food was essential. Gyms were non-essential. Masks were mandatory. Outdoor activities were banned. Celebrities go‚Ä¶
30,FAST,1455357782387879937,RT @st4rrx: i‚Äôm both a ‚Äúfast replier‚Äù and ‚Äúnever replies‚Äù type of person. it depends on my mood and who u are
31,FAST,1455357782253789195,"RT @layer_cake: This 360 was so fast, I had to slow it down @drdisrespect - gotta make sure the #ChampionsClub doesn‚Äôt miss it. https://t.c‚Ä¶"
32,FAST,1455357780085325824,semgrep v0.71 releases: Fast and syntax-aware semantic code pattern search https://t.co/APPslSAekt #opensource #infosec #security #pentest
33,FAST,1455357779388997635,@NSWHealth Kerry Chant uses the masks to wield her fast disappearing power to control our lives and our livelihoods. It's enough
34,FAST,1455357776121663493,@kayleenwrigley @instagram I strongly recommend (tomhacker01) on Instagram to help you recover your account they fast reliable and trusted I had same problem he helped me to get into my account contact him on WhatsApp +1(959) 301-9223
35,FAST,1455357775916195842,"@TeamEmilly I went through same shit but luckily I met this guy who goes by the name cracktech_tycoon on Instagram he miraculously helped me get my account back just in a few minutes, he‚Äôs good, fast and reliable I suggest you reach out to him quickly"
36,FAST,1455357774859149316,"RT @Crypto_JulieG: Morning #twitterspace I can‚Äôt believe I am now at 5,051 followers ü§© my followers are growing as fast as #SaitamaWolfPack‚Ä¶"
37,FAST,1455357774485864452,"@broomheadKTAR As much as I get agree with why pilot was in the wrong, people are tired of the hypocrisy where you objectively don't see hard and fast condemnation as much when stuff like this goes the other way (due, mainly to msm being left leaning). Its laughed at, sometimes praised."
38,FAST,1455357774385328130,"@HelloItsVG Yes you are   You milk the roblox outage and make 60 tweets about it, and it gets old so fast and tiring after a while"
39,FAST,1455357774284550145,RT @mayonnaiseing: (trans)  Thank you #UpTayXMizuMiTaobao it was so much fun working with #Tawan_V We were so high that made our conversati‚Ä¶
40,FAST,1455357773911257088,"RT @bunniefied: $5 | ‚Ç±230 | 65.000 IDR   RT, follow me + reply @bunniefied  ends fast today!! üçù"
41,FAST,1455357773013831681,"RT @earlcole: ""Slow success builds character. Fast success builds ego."" #MondayMotivation #NoOneCares #WorkHarder"
42,FAST,1455357772929781762,RT @Gemshunterabi: Welcome to Vinsmoke Sanji Inu  #ETH  Record day for Sanji: üìà NEW ATH  üë®‚Äçüë©‚Äçüë¶‚Äçüë¶ Exceeded the 250 holders; üí® Sent the fast‚Ä¶
43,FAST,1455357772233527297,RT @milleeunje: FAST GIVEAWAY SALDO üíñ all e-wallet/gcash/paypal  - Retweet - Retweet my pinned üìå  End? 60 minutes
44,FAST,1455357770807463937,"@JasmineAshley22 @FracturedBadger I prefer to buy my drugs the way Rep. Matt Gaetz pays for his underage hookers - with Venmo¬ÆÔ∏è. Fast, safe, and social - pony up with Venmo¬ÆÔ∏è. üôÉ"
45,FAST,1455357770472042499,"RT @espn: Eli couldn't believe how fast Peyton was eating his food üòÇ  ""Are you breathing?! You just ate a whole piece of chicken nonstop.""‚Ä¶"
46,FAST,1455357770287534081,"A Subscriber received 25 #Mortgage Results for ¬£100,000 over 25 years: https://t.co/3vmZ5qoD6z https://t.co/WhOzARbyah"
47,FAST,1455357768928423936,RT @Sashapromotes: FAST GIVEAWAY ‚ö°  ‚Äî like @fsocietyCrypto üìå ‚Äî retweet
48,FAST,1455357767644942344,RT @st4rrx: i‚Äôm both a ‚Äúfast replier‚Äù and ‚Äúnever replies‚Äù type of person. it depends on my mood and who u are
49,FAST,1455357766319542276,RT @minie_gives: FAST CASH | 10 MINS  follow me &amp; @lunagives_  rt this + LS
50,FAST,1455357766122549251,"RT @laralogan: ‚ÄúWater vapor, and the clouds that condense from it, warm the earth‚Äôs surface at least four times more than does carbon dioxi‚Ä¶"
51,FAST,1455357765509996552,RT @st4rrx: i‚Äôm both a ‚Äúfast replier‚Äù and ‚Äúnever replies‚Äù type of person. it depends on my mood and who u are
52,FAST,1455357764306305030,RT @stefscribbles: #novempurr day 1: fast food üå≠ https://t.co/0KGNNXAxe6
53,FAST,1455357761672282118,"RT @bunniefied: $5 | ‚Ç±230 | 65.000 IDR   RT, follow me + reply @bunniefied  ends fast today!! üçù"
54,FAST,1455357761542258688,@ATFHQ So operation wide receiver and operation fast and furious were just you guys having a giggle? You ever find any of those 2k guns you lost? When are those responsible for these gun walking fuck ups getting arrested?
55,FAST,1455357761198436354,RT @conspiracyb0t: The CIA has had heart attack guns for decades. They have also used weaponized fast-acting cancers.
56,FAST,1455357761013702658,RT @milleeunje: FAST GIVEAWAY SALDO üíñ all e-wallet/gcash/paypal  - Retweet - Retweet my pinned üìå  End? 60 minutes
57,FAST,1455357760183406595,RT @PSGhub: Messi told @sport about Ligue 1: ¬´¬†I don't have much experience yet because I haven't played many games. It's a more physical l‚Ä¶
58,FAST,1455357759717720067,"RT @bunniefied: $5 | ‚Ç±230 | 65.000 IDR   RT, follow me + reply @bunniefied  ends fast today!! üçù"
59,FAST,1455357759633989634,@sahlovocals @gas0nmyhands dm he is fast reliable and trustworthy. +1(440) 753-8061 Text him or call him you can also get him on whatsapp  You can chat him on instagram  gonzalez_hack
60,FAST,1455357756580368387,RT @minie_gives: FAST CASH | 10 MINS  follow me &amp; @lunagives_  rt this + LS
61,FAST,1455357756186271750,In the centre of the city experiencing Telstra‚Äôs super-fast 5G! Holding my phone to the sky just to send this tweet! So glad that Level 2 will call me in 3 business days! Woooo! @Telstra @Telstra_news https://t.co/nSkKbSRMY3
62,FAST,1455357755758288896,RT @ccisneros1984: What does $Trias and the Oxford-Octa laboratory continued research mean? @Trias will be at the cutting edge of research‚Ä¶
63,FAST,1455357754231730183,@jmcr1_ @Sebastian_4_ @process_better @Whatsin54282079 @fprefect121 @deChambroBryson @elonmusk @DrEliDavid How fast is a car driving if it takes 1 hour to get 1 mile? 11?
64,FAST,1455357753577279490,RT @VerdeGives: FAST GIVEAWAY in 10 minutes!!! - rt + rt my üìå
65,FAST,1455357753136799746,RT @lalalagives: FAST GIVEAWAY  -follow @dreamerchph  -retweet
66,FAST,1455357751857532937,RT @st4rrx: i‚Äôm both a ‚Äúfast replier‚Äù and ‚Äúnever replies‚Äù type of person. it depends on my mood and who u are
67,FAST,1455357750716760065,RT @Sashapromotes: FAST GIVEAWAY ‚ö°  ‚Äî like my üìå ‚Äî retweet
68,FAST,1455357750398042116,CUBE acts too fast on denying rumors. How about u trash company give us an update on Soojin @CUBEENTGLOBAL
69,FAST,1455357749617856515,RT @st4rrx: i‚Äôm both a ‚Äúfast replier‚Äù and ‚Äúnever replies‚Äù type of person. it depends on my mood and who u are
70,FAST,1455357748397285376,@backtopluto2 @angelbeachcat YOU UPDATE SO FAST !!!! TY PLUTO
71,FAST,1455357747818418179,RT @kristpinkmilk: does it ever                         just how  drive you crazy                    fast the‚Ä¶
72,FAST,1455357747772329988,"RT @yahweezz: hi bffs !! im back from being ia &amp; looking for interactive moots in #genshintwt #anitwt  - anime (e.g., jjk, chainsaw man, de‚Ä¶"
73,FAST,1455357746723893250,RT @BiticaExchange: #biticaexchange   Heloo dear all crypto currency comiyunity world   World most famous 2021 crypto currency exchange now‚Ä¶
74,FAST,1455357746618896384,"@maschicagoo 7.520,200 rate 12.2 fee 5k fast"
75,FAST,1455357744005873665,RT @Sashapromotes: FAST GIVEAWAY ‚ö°  ‚Äî like my üìå ‚Äî retweet
76,FAST,1455357736833597440,"Not getting a room in the hotels at FC made me think about how the &lt;get there first, better click fast&gt; booking process is tbh a catastrophe for accessibility.  I can imagine how much frustrating it would be to go through it if you were, say, vision impaired etc"
77,FAST,1455357734916874241,RT @st4rrx: i‚Äôm both a ‚Äúfast replier‚Äù and ‚Äúnever replies‚Äù type of person. it depends on my mood and who u are
78,FAST,1455357734707138560,"@NYGABOYOSI Inbox Best_recovery01 on Instagram he is very fast and active, he help me recover my hacked account,now am using my account well"
79,FAST,1455357734509965314,"RT @bunniefied: $5 | ‚Ç±230 | 65.000 IDR   RT, follow me + reply @bunniefied  ends fast today!! üçù"
80,FAST,1455357733050388483,Election Day is fast approaching. Patch reached out to candidates to find out why they're running this year. https://t.co/tUOjSKdNA2
81,FAST,1455357731372740615,RT @st4rrx: i‚Äôm both a ‚Äúfast replier‚Äù and ‚Äúnever replies‚Äù type of person. it depends on my mood and who u are
82,FAST,1455357731104124928,Who wants to roleplay going to a SZA concert these tickets got sold out so fast I‚Äôm dead
83,FAST,1455357729086771201,RT @ShibaInuX_: YOU GUYS DID IT!!!! and it was so fast!  We are so happy to be with you in this journey!  PS: Those who HODL will be reware‚Ä¶
84,FAST,1455357728948375560,RT @black_odds: As fast as we can üôà https://t.co/grI7Mc0SGZ
85,FAST,1455357728424185857,"@gretchenpeters I didn't know that she is still living!  She dropped out fast, a long time ago!!"
86,FAST,1455357727954374657,"@jiggyjayy2 She protected them tweets so fast, she didn‚Äôt want no smoke üò≠üò≠üò≠üò≠üò≠"
87,FAST,1455357727455207429,"@IamNurseTrish It goes so fast, Trish üò≠üò≠üò≠"
88,FAST,1455357723948695553,RT @StayWithLalis: So fast üòÜ  MONEY HOT100 DEBUT https://t.co/yvV8i3i2B6
89,FAST,1455357723118292997,RT @copenhenken: Electrification of the world's car fleet will not reduce our emissions fast enough. That's why we will be at #COP26. Becau‚Ä¶
90,FAST,1455357722090618880,"RT @ZoidPay: üì¢Zoidsters, let's go debunk some myths when it comes to #shopping with #crypto  Share this &amp; help spread some knowledge  Every‚Ä¶"
91,FAST,1455357721646075904,"Eli couldn't believe how fast Peyton was eating his food üòÇ  ""Are you breathing?! You just ate a whole piece of chicken nonstop."" https://t.co/Ike62CIcXZ"
92,FAST,1455357720702369795,RT @st4rrx: i‚Äôm both a ‚Äúfast replier‚Äù and ‚Äúnever replies‚Äù type of person. it depends on my mood and who u are
93,FAST,1455357718252847107,"RT @KavyaSrivalli: Full 4 Videos AVAILABLE. Send u Message. Fast. Retweet Fast and Message Me ( Total 4 Full Videos, 43 MB Size ) Follow @K‚Ä¶"
94,FAST,1455357717929885699,"Open Jasa CO Weverse   Rate 12,69 no fee  üí≥ BCA, Mandiri, Dana, Shopeepay  ‚úÖFast  tags : jasa co wv, jasa co wvs https://t.co/DFgji3kben"
95,FAST,1455357716730310662,RT @minie_gives: FAST CASH | 10 MINS  follow me &amp; @lunagives_  rt this + LS
96,FAST,1455357715367170055,"RT @ZoidPay: üì¢Zoidsters, let's go debunk some myths when it comes to #shopping with #crypto  Share this &amp; help spread some knowledge  Every‚Ä¶"
97,FAST,1455357713160966146,RT @squishyning: lock you doors and close your windows mariah is on her way and shes coming fast
98,FAST,1455357712762490880,RT @minie_gives: FAST CASH | 10 MINS  follow me &amp; @lunagives_  rt this + LS
99,FAST,1455357712473198607,RT @st4rrx: i‚Äôm both a ‚Äúfast replier‚Äù and ‚Äúnever replies‚Äù type of person. it depends on my mood and who u are
100,FAST,1455357711873310724,"WTS LFB PH GO HELP RT üîÆ   BTS 2022 Season's Greetings - Php 2,980 + LSF üîÆ  ‚úÖ Direct shipping to PH. Fast ETA (Can't wait till next year ü•∫üòÖ) ‚úÖ 50% DP, balance upon arrival  #FollowtheSeoulRabbit üï≥ üêá  üè∑ wts lfb bts 2022 season's greetings SG https://t.co/3HnJy9HWhl"
101,FAST,1455357710027927554,"RT @laralogan: ‚ÄúWater vapor, and the clouds that condense from it, warm the earth‚Äôs surface at least four times more than does carbon dioxi‚Ä¶"
102,FAST,1455357708014653441,"RT @unlvrebelx: @LegendaryEnergy EOY 2019, Moderna CEO St√©phane Bancel held 24.8 million shares valued @ $488.6 million. Fast forward to ri‚Ä¶"
103,FAST,1455357706269642760,RT @minie_gives: FAST CASH | 10 MINS  follow me &amp; @lunagives_  rt this + LS
104,FAST,1455357703962824708,RT @VerdeGives: FAST GIVEAWAY in 10 minutes!!! - rt + rt my üìå
105,FAST,1455357702570348545,RT @lilipropaganda: THEY JUST DID A WHOLE SEGMENT ABOUT LISA ON TG5 THE MOST FAMOUS ITALIAN NEWS REPORTS üò≠üò≠üò≠üò≠üò≠üò≠üò≠ I RECORDED IT SO FAST I WI‚Ä¶
106,FAST,1455357702499028996,"RT @bunniefied: $5 | ‚Ç±230 | 65.000 IDR   RT, follow me + reply @bunniefied  ends fast today!! üçù"
107,FB,1455357810376466432,@oneulbeomgyu fb n rt pinned pls ? tysm
108,FB,1455357806492651525,ROCK Arte https://t.co/8Btr6SSNxa
109,FB,1455357804298977283,@Brandenburg___ Fb help
110,FB,1455357802608738304,"RT @italianostyle2: #TEAMSTALLION üêé Drop your name, we'll follow @italianostyle2  @MarEthr  @FlorMeninnaa  @luisalarosa  @lumpie125  @20_Fo‚Ä¶"
111,FB,1455357795125977092,"RT @Gupitae88: Gulf Morning,, Gulf Schedule today:  üìÜ2 Nov 2021 üìå [LIVE] Marvel Studio's Eternals Virtual Gala Event ‚è∞ 19:00 PM  üé• FB, TIKT‚Ä¶"
112,FB,1455357793876078593,"RT @taegyuslovr: So, I have a deal w/ my MOA and ENGENE friend! t This is for AAA Voting  6 FB accs + 1 Google acc= 7 accs to vote for....‚Ä¶"
113,FB,1455357785525264387,@jihoonpargoy fb + rt pin yaa thankyou
114,FB,1455357782551502851,RT @TokyoOtakuMode: üì¢ Huge 3‚É£ Figure Set Giveaway‚ùóÔ∏è‚ú®  Follow and RT this tweet for your chance to win 3 #Higarashi: When they Cry figures!‚Ä¶
115,FB,1455357779900723203,The season for giving back. üß°üöî From the FB page of Pocatello Police Department. https://t.co/nSIOerzcqY
116,FB,1455357777833078791,RT @andrewdye33: Andrew Dye - 3.6 GPA  Uncommitted Freshman going into 2nd year of junior college.  Played first year at Division II level.‚Ä¶
117,FB,1455357776750780421,@rhndkalvn fb thanks
118,FB,1455357775324893188,@LuceroLuna_S Oooo we‚Äôve never done the snow day!! And he was a tiny baby the last time I took him to the parade! I‚Äôll keep an eye out on fb for events too! ü•∞ü•∞
119,FB,1455357775106633729,@beautnie fb rt pin thanks
120,FB,1455357770752872450,RT @johnnephelim: We might have trouble communicating but desire is universal thing we can all understand.   Watch the full video by Subcri‚Ä¶
121,FB,1455357766617419777,@BosonProtocol @WebSummit Please take a few minutes to look at our website and other social sites: üñ• Website: https://t.co/MPKMO0usRj  Telegram:  https://t.co/DY3OlGsb2l  Twitter: https://t.co/KuUfd0vWTz  FB: https://t.co/mEAXTdMy8p
122,FB,1455357766357307397,I am live! Slide thru and say wsup. Show some love &amp; support! https://t.co/DMVLgyRCCT
123,FB,1455357763454865411,Please help Panther find his furever home‚ù§üê∂‚ù§ #adoptdontshop #rescueadog #FureverHome #dogs #saveadog #RescueDogs #cleartheshelters #dogsoftwitter #pets #PetAdoption #petrescue #shelterpets #dogadoption  https://t.co/YmdrbQJzgs
124,FB,1455357758753042434,fb brotha https://t.co/qr3Mb423Dy
125,FB,1455357758191046661,RT @ngleicher: 1/ Today we shared the removal of a domestic CIB network in Nicaragua that was run by the government of Nicaragua and the Sa‚Ä¶
126,FB,1455357757926694912,"@hoonbbyvibez fb, thank u"
127,FB,1455357755930263553,@pr4mesti Fb help
128,FB,1455357752516120577,"[üìàSTAR IDOL (MALE) RANKING 1ST ROUND]  D-1:Who is your favorite idol member?  üó≥ VOTE FOR #Ï∞®ÏùÄÏö∞ #CHAEUNWOO   ‚úÖLogin Naver,Kakao,FB &amp; Twitter to vote multiple times. ‚úÖYou can participate in the survey 6x a day.  ‚è∞Poll ends:11.4 15:00KST  Voting Link: https://t.co/Q5N2UkyGon https://t.co/rzHV4t0S6f"
129,FB,1455357750607679490,"RT @taegyuslovr: So, I have a deal w/ my MOA and ENGENE friend! t This is for AAA Voting  6 FB accs + 1 Google acc= 7 accs to vote for....‚Ä¶"
130,FB,1455357748628103170,@BosonProtocol Please take a few minutes to look at our website and other social sites: üñ• Website: https://t.co/MPKMO0usRj  Telegram:  https://t.co/DY3OlGsb2l  Twitter: https://t.co/KuUfd0vWTz  FB: https://t.co/mEAXTdMy8p
131,FB,1455357747172577280,"RT @taegyuslovr: So, I have a deal w/ my MOA and ENGENE friend! t This is for AAA Voting  6 FB accs + 1 Google acc= 7 accs to vote for....‚Ä¶"
132,FB,1455357745763438594,@SimpingforSumi When aren't you post blocked on fb
133,FB,1455357745754902530,@dsyayesa @fleurlovingggg fb rt pin tysm
134,FB,1455357741367656449,"@ABELXXA fb rt pin, ty"
135,FB,1455357737815220225,RT @TokyoOtakuMode: üì¢ Huge 3‚É£ Figure Set Giveaway‚ùóÔ∏è‚ú®  Follow and RT this tweet for your chance to win 3 #Higarashi: When they Cry figures!‚Ä¶
136,FB,1455357731355910144,@BosonProtocol @NFT_NYC Please take a few minutes to look at our website and other social sites: üñ• Website: https://t.co/MPKMO0usRj  Telegram:  https://t.co/DY3OlGsb2l  Twitter: https://t.co/KuUfd0vWTz  FB: https://t.co/mEAXTdMy8p
137,FB,1455357727727706115,"RT @taegyuslovr: So, I have a deal w/ my MOA and ENGENE friend! t This is for AAA Voting  6 FB accs + 1 Google acc= 7 accs to vote for....‚Ä¶"
138,FB,1455357724040982534,@d1ckta Fb thanks~
139,FB,1455357719037218823,Thank You! To everyone who contributed to making this year‚Äôs Gala A magical moment. https://t.co/FYSqIw3Atn
140,FB,1455357717053333507,ROCK Arte https://t.co/P1IWV2i8tb
141,FB,1455357714750705666,@BosonProtocol Please take a few minutes to look at our website and other social sites: üñ• Website: https://t.co/MPKMO0usRj  Telegram:  https://t.co/DY3OlGsb2l  Twitter: https://t.co/KuUfd0vWTz  FB: https://t.co/mEAXTdMy8p
142,FB,1455357712531787777,@AMB1VERSE Fb help
143,FB,1455357709939793920,"@GinaWatss I'm scrolling FB and having several ""wtf"" moments. Cus I'm like girl...this is YOU though."
144,FB,1455357707624583171,I hate how mothers get on fb and act like they kids don‚Äôt be fw people that‚Äôs weird asf ‚òπÔ∏è
145,FB,1455357707154821127,RT @AsiaPacificMed1: APENFTSWAP Bringing Art Back to the Public YouTubeÔºöhttps://t.co/DxtKXjqulL FacebookÔºöhttps://t.co/VKWAPBtVex https://t.‚Ä¶
146,FB,1455357705590169600,"@ffuckingn @aryacilukba fb, rt pin ty"
147,FB,1455357704722071560,Fb bans everything but the word nigga https://t.co/prIykf96UN
148,FB,1455357703010750471,@heeseun9i @hrenjdun fb + rt pin tysm !
149,FB,1455357701916008451,"Love your writing on this, @CaseyNewton; great piece today in @platformer. I hope others take this seriously. We can not let FB control this space."
150,FB,1455357701743996934,@ilonellz @KIRXLA fb rt pin thanks
151,FB,1455357701056172045,"RT @mickaelayeager: neew acc, kindy fb"
152,FB,1455357700410265600,@xxkith_ fb + help rt / like pinned thx u üôá‚Äç‚ôÄÔ∏è
153,FB,1455357698032246791,"RT @garthbrooks: Charley Pride, the Opry and now the Ryman! Could it get any sweeter than this?! love, g  Watch #StudioG: https://t.co/yYGB‚Ä¶"
154,FB,1455357695960178694,@BosonProtocol Please take a few minutes to look at our website and other social sites: üñ• Website: https://t.co/MPKMO0usRj  Telegram:  https://t.co/DY3OlGsb2l  Twitter: https://t.co/KuUfd0vWTz  FB: https://t.co/mEAXTdMy8p
155,FB,1455357687265255430,"RT @taegyuslovr: So, I have a deal w/ my MOA and ENGENE friend! t This is for AAA Voting  6 FB accs + 1 Google acc= 7 accs to vote for....‚Ä¶"
156,FB,1455357682798391297,"RT @Crunchyroll: NEWS: Fruits Basket -prelude- Reveals Theatrical Release, Sequel Story Featuring Tohru and Kyo  ‚ú®MORE: https://t.co/V9FRdB‚Ä¶"
157,FB,1455357681397469185,@aghaalfhaz @reynathenaa fb thanks
158,FB,1455357673654800387,"RT @TokyoOtakuMode: üíô #HatsuneMiku and GUMI (#Megpoid) are collaborating for the album, Digital Stars feat. MIKU &amp; GUMI Compilation‚ÄºÔ∏è  12 e‚Ä¶"
159,FB,1455357673034055682,"@drkiesx fb &amp; rt pin, tysm"
160,FB,1455357670521651202,"RT @ellaphantsPH: Ella's IG Story , Nov. 2, 2021  ""Thank you @/deesse__banawe for my lashes ‚ù§""   FB: MNL48 Ella IG:  ella.mnl48official Tik‚Ä¶"
161,FB,1455357668651147268,@RVCJ_FB Total indian team is a nomination for this lineup ü§£ü§£üòÇüòÇ
162,FB,1455357665010282500,@damini2003  FB Please  @RamRam0713
163,FB,1455357664838356992,@jenczenies fb n rt pinned pls ? tysm
164,FB,1455357658119094274,RT @therealbbymula: Insta names and don‚Äôt drop your shit if your not gonna fb üòê and gotta be active
165,FB,1455357653966671872,"RT @taegyuslovr: So, I have a deal w/ my MOA and ENGENE friend! t This is for AAA Voting  6 FB accs + 1 Google acc= 7 accs to vote for....‚Ä¶"
166,FB,1455357650460295173,@zarstudyy Fb help
167,FB,1455357638502346752,@KIRXLA Fb and rt pin thanks
168,FB,1455357626980646913,RT @Fransje53229178: üòäüòäüòáüòá Via fb https://t.co/OPI1DRp5Kp
169,FB,1455357622471643136,"Ella's IG Story , Nov. 2, 2021  ""Thank you @/deesse__banawe for my lashes ‚ù§""   FB: MNL48 Ella IG:  ella.mnl48official Tiktok: ella.mnl48official  Kumu: ellamnl48official  #MNL48 #MNL48Ella  @mnl48official https://t.co/SIp7aYW6Ng"
170,FB,1455357618785030149,"RT @DanMilmo: FB whistleblower @FrancesHaugen criticises Mark Zuckerberg's metaverse push and his leadership at the Web Summit in Lisbon: ""‚Ä¶"
171,FB,1455357617497280512,@cloxymod fb thanks
172,FB,1455357615849054208,"RT @taegyuslovr: So, I have a deal w/ my MOA and ENGENE friend! t This is for AAA Voting  6 FB accs + 1 Google acc= 7 accs to vote for....‚Ä¶"
173,FB,1455357611688087554,@NAJAEPINE fb thanks
174,FB,1455357607317753856,RT @johnnephelim: We might have trouble communicating but desire is universal thing we can all understand.   Watch the full video by Subcri‚Ä¶
175,FB,1455357601399513093,"@9ty5PRIDE @alulubii hai! let's be moots. fb and help rt/like my pinned, tysm! &lt;3"
176,FB,1455357595586154501,RT @TokyoOtakuMode: üì¢ Huge 3‚É£ Figure Set Giveaway‚ùóÔ∏è‚ú®  Follow and RT this tweet for your chance to win 3 #Higarashi: When they Cry figures!‚Ä¶
177,FB,1455357594516795394,Most are in the South. https://t.co/wXUXgvs7jF
178,FB,1455357581208088579,"@Kennethdry fb &amp; rt pin, tysm"
179,FB,1455357569434746881,"RT @taegyuslovr: So, I have a deal w/ my MOA and ENGENE friend! t This is for AAA Voting  6 FB accs + 1 Google acc= 7 accs to vote for....‚Ä¶"
180,FB,1455357560408608768,"RT @TokyoOtakuMode: üíô #HatsuneMiku and GUMI (#Megpoid) are collaborating for the album, Digital Stars feat. MIKU &amp; GUMI Compilation‚ÄºÔ∏è  12 e‚Ä¶"
181,FB,1455357555069292545,@SlightlyOffens  Hey dude found this on fb https://t.co/hddC4HBRlg
182,FB,1455357554679181313,"@thjeonkukii_ @alulubii hai! let's be moots. fb and help rt/like my pinned, tysm! &lt;3"
183,FB,1455357553630711811,Does anyone else double check their parents birthdays on FB or am I just a crappy child?
184,FB,1455357530188681217,"Just figured out my free fb marketplace desk chair has a rocking chair function, im never leaving this chair again"
185,FB,1455357527785308160,@kooknqz @ziyoungr fb thankss
186,FB,1455357527391039489,RT @IVEstarship: üì¢ IVE OFFICIAL SNS OPEN  ‚ñ∂ Twitter : https://t.co/g8ieV8zR1s : https://t.co/sURCcEwsyE : https://t.co/iRih98UvOA ‚ñ∂ Instagr‚Ä¶
187,FB,1455357523645579266,RT @eliasamare: #FakeNewsAlert: Tigist Sisay is from Gonder who went to support the Fano #Amhara militia forces fighting in Wollo &amp; took th‚Ä¶
188,FB,1455357522898944000,@dxrksht Fb and rt pin thanks
189,FB,1455357520394981390,"RT @Weston_Labour: Add your name to this emergency appeal for climate action by Greta, Vanessa, Mitzi, and Dominika. Sign now and share, an‚Ä¶"
190,FB,1455357519098957831,‚Å¶@PipSillyZilla‚Å© Pup! I think you need a new brother or sister I‚Äôm your new house! It‚Äôs big enough üòÑ https://t.co/Q5DdxEYKG0
191,FB,1455357517299544069,"@seannoxr @beautnie fb, rt pin ty"
192,FB,1455357514086764545,‚Åß#ŸÖÿßÿ±ÿÆŸàÿ± ‚ô¶Tuesday Special Promotion‚ô¶ List-1 @sm5mk @tarar_4  @pk5125 @d9ish  üíØFb @ch_295 @twtSMH @my_duas @rza514 @saq185 @M0kara @saq184 @Afi_707 @wahid5i @Ati__9 @SundAr656 @taari_baba @007AA7 @4MMA3 @ISI_L0VeR
193,FB,1455357513906352134,@panggilakufika @jjihoney_bb fb n rt pinned pls ? tysm
194,FB,1455357506188840961,"@belovedjii @alulubii hai! let's be moots. fb and help rt/like my pinned, tysm! &lt;3"
195,FB,1455357505392025600,"Hey James Nyambane, thank you for following me!! Follow me on FB https://t.co/e4OqNMcglK"
196,FB,1455357493555568640,@taeriii_kim fb thankss
197,FB,1455357492448284674,RT @Y0UNGR3Y: lf IVE moots !! I'll fb &lt;3
198,FB,1455357486035181571,RT @TokyoOtakuMode: üì¢ Huge 3‚É£ Figure Set Giveaway‚ùóÔ∏è‚ú®  Follow and RT this tweet for your chance to win 3 #Higarashi: When they Cry figures!‚Ä¶
199,FB,1455357480528236544,RT @wwavmovie: Have you grabbed your ticket to go on a paranormal investigation at Bobby Mackeys‚Äô?! Don‚Äôt miss your chance! https://t.co/7p‚Ä¶
200,FB,1455357474631004162,@American_FB @ECUPiratesFB @NavyFB @SMU_Football @UHCougarFB #4 - kickoff return by Houston
201,FB,1455357472084934657,@softiechiff Fb help
202,FB,1455357469845188612,@AmitLeliSlayer @kshatriyarch FB is now like one digital mall.
203,FB,1455357465327857665,"RT @cryptokumi: GIVEAWAY $5 | IDR | GCASH  ‚Äî follow &amp; like fb page: https://t.co/ONJT5llv7k [reply proof]  retweet when done, goodluck! üòª"
204,FB,1455357464585535488,"@jeoncityxx_ @alulubii hai! let's be moots. fb and help rt/like my pinned, tysm! &lt;3"
205,FB,1455357462605967363,@ltsanderss @GATALifestyle @GSAthletics_FB @kwhit4 @ChadSimmons_ @GeneSwindoll @GrindLab @RRU18878187 @ChadEadsOL @Rivalsfbcamps @HankSouth247 letsssssss goooooo
206,FB,1455357462081638403,@facebookapp I got blocked on fb for 30 days for saying hi ugly to my little cousin but pedophiles have free range on the app
207,KSU,1455356984039981056,"RT @atlantapride: Please join us for the Kennesaw State University 2021 Intersectionality Conference, sponsored by KSU's Division of Divers‚Ä¶"
208,KSU,1455356047229652995,@thegrant_ksu I don‚Äôt understand why our fan base is so weird about us getting Alternate Jerseys. There is so many things we could do with the PowerCat. We also have a elite color scheme which helps a lot. The players I‚Äôm sure would love a little switch up every once in awhile.
209,KSU,1455356012194566146,"RT @KFordRatings: @CFB_Hype @Ten12Network This one is interesting! Individual game win probs, per my current numbers:  45% vs OSU 45% at KS‚Ä¶"
210,KSU,1455355549814452227,RT @maggie_emaw: @KirkHerbstreit @MSU_Football @CanesFootball @HailStateFB @OU_Football @CuseFootball @BadgerFootball @AuburnFootball @NDFo‚Ä¶
211,KSU,1455354883075420162,My article about @kennesawstfb‚Äôs Saturday victory over Gardner-Webb University is live now on the KSU Sentinel website - https://t.co/XUib5BDurL
212,KSU,1455354634042740740,RT @KSU_Foundation: Which K-State mascot do you Willie love? Take the quiz. You may win K-State merch! QUIZ &gt;&gt;&gt;https://t.co/vixZtDxIbi&lt;&lt;&lt;üíú‚ö°‚Ä¶
213,KSU,1455354289044459530,RT @essaytutors14: DM for Get your high-quality essay on time Rated 5/5 #xula24 #xula #JSU #ksu #pvamu24 #TXSU #GSU #htx24 #htx #CAU #UofA‚Ä¶
214,KSU,1455354151852986373,@FANMAN_KSU He's not looking at the entire field. He'd rather break the pocket. Really hoped he'd be better than Brady.
215,KSU,1455354016070868997,"@CFBONFOX @bigten @OhioStateFB @MSU_Football B MSU‚Äô osu has a suspect run defense, ksu can eat up yards and clock plus if you get up on osu, they don‚Äôt have a good track record of coming from behind"
216,KSU,1455354009393504260,RT @AmyofAtlanta: I am a vaccinated provider in Atlanta catering to sweet and generous men. Check out my profile if interested. ‚ô•Ô∏è  #atlant‚Ä¶
217,KSU,1455353800408113159,@FANMAN_KSU Excellent pick up
218,KSU,1455353752509112322,@KirkHerbstreit @MSU_Football @CanesFootball @HailStateFB @OU_Football @CuseFootball @BadgerFootball @AuburnFootball @NDFootball @BYUfootball You missed a great defensive effort in the Big 12. KSU defense
219,KSU,1455353719932002308,RT @essaytutors14: DM for Get your high-quality essay on time Rated 5/5 #xula24 #xula #JSU #ksu #pvamu24 #TXSU #GSU #htx24 #htx #CAU #UofA‚Ä¶
220,KSU,1455353697786028041,RT @essaytutors14: DM for Get your high-quality essay on time Rated 5/5 #xula24 #xula #JSU #ksu #pvamu24 #TXSU #GSU #htx24 #htx #CAU #UofA‚Ä¶
221,KSU,1455353196382130178,@TBHighfield Sorta wish KSU would make the move. Might be a long time before another chance arises..
222,KSU,1455352869599813642,@FANMAN_KSU Pat's not well. Cant see the field. Game caught up to him.
223,KSU,1455352337313243136,Hire a top expert to handle your due homework assignments. HMU  #KSU #WSU #FSU #FIU #UCF #NYU #LIU #UNCP #NCAT #TAMU #TWU  #UNG #GSU #BGSU #UCI #CSU #USA #NTAs #twitch #asutwitter #ncat #ncat20 #ncat21 #ncat22 #ncat23 #ncat24
224,KSU,1455352271081025539,Hire a top expert to handle your due homework assignments. HMU  #KSU #WSU #FSU #FIU #UCF #NYU #LIU #UNCP #NCAT #TAMU #TWU  #UNG #GSU #BGSU #UCI #CSU #USA #NTAs #twitch #asutwitter #ncat #ncat20 #ncat21 #ncat22 #ncat23 #ncat24 #nccu21 #nccu22 #WW#WWERaw.
225,KSU,1455351699888123918,ASSIGMENT HELP AVAILABLE https://t.co/h1VcyXhqpX  #assignments #essayhelp #essaydue #Essays #umd #ksu #uiuc #txsu #alcorn #tsu #gramfam #nyu #fiu #NCAT #pvamu #ssu #fvsu #jsu #uwg #wu #osu #fvsu #ssu #gatech #aamu #troyu #famu  #USA #Tamusa #ATL #tamu #asu22 #uae #dubai
226,KSU,1455351559542411266,@FANMAN_KSU Happened to the Bengals against the Jets yesterday.  Let them hang around and then things get crazy at the end.
227,KSU,1455350876491681800,"@CFB_Hype @Ten12Network This one is interesting! Individual game win probs, per my current numbers:  45% vs OSU 45% at KSU 39% vs TEX 97% at KAN  % chance to win at least ___ games:  8: 7.7% 7: 39% 6: 80% 5: 99.4%  So I voted ‚Äúyes‚Äù and it surprisingly wasn‚Äôt all that close in the end!  cc @WVStatsGuy"
228,KSU,1455349595551195137,Essays and papers help!! good grades guaranteed‚úçÔ∏è #xula #JSU #NIU #MSU #KSU #PVAMU #TXSU #UT #GSU #SHSU #HTX #UNT #XULA #TAMU #CAU #DU #UofA #WTAMU #FHU #NSU #FAU #WSU #AAMU #FHS #EMU #umich #UCF #WMU #CMU #BCU #gramfam #NCAT #SouthernU #WSSU
229,KSU,1455349563766853632,@FANMAN_KSU Might???
230,KSU,1455349327895961610,@90_ksu Has been a pleasant surprise this year! Plays with a good swagger too! Confident but not cocky!!!
231,KSU,1455348619721203715,@FANMAN_KSU The Chiefs are bad. Just embrace it. I'm over being uptight. I'm in the whatever mode.
232,KSU,1455347988847636485,Kennesaw State remains undefeated in conference play this season. Read about their latest win here! #KSU #KennesawState https://t.co/mpwI9tAoYG
233,KSU,1455347492648747011,"RT @NHHRiders: ST. MICHAELS, AZ¬† ‚Äì The family of US Army PVT Lee Cook is humbly requesting a funeral escort on Tue 11/2/21. STAGING: 4:45am‚Ä¶"
234,KSU,1455347390387470340,@sheeran_ksu @SheeranIsaac @KamdenWilson_ @KStateFB @CentralGridiron Looking good in purple
235,KSU,1455347167778979843,"Kennesaw State announced the non-conference home schedule for the 2022 baseball season recently, and the Braves are still one win away from the World Series title. Let's hope they can both come back stronger than a '90s trend. #KSU #BattleATL #WorldSeries  https://t.co/r9HQhZiLTY"
236,KSU,1455347061595914243,"ST. MICHAELS, AZ¬† ‚Äì The family of US Army PVT Lee Cook is humbly requesting a funeral escort on Tue 11/2/21. STAGING: 4:45am Summit Funeral Home, St. Michaels, Az KSU: 5:00am DESTINATION: 10am National Memorial Cemetery of Arizona,¬†Cave Creek Rd, Phx https://t.co/RyJcYBCHOA https://t.co/p3gDmxlBV9"
237,KSU,1455346044699545602,@thegrant_ksu Pretty sure Byron would tell you he should catch that ball tho
238,KSU,1455345830064533507,@thegrant_ksu He should catch the damn ball
239,KSU,1455344422120534031,"need help with your fall classes,assignments, online classes, homework, essays, all subjects at an affordable price?hmu #GSU #UWG #JSU #CSU #FVSU #ASU #SSU #VSU #MYASU #NCAT #MSU #TSU #TXSU #TAMU #GRAMFAM #AAMU #NSU #FAMU #fsu #PSU #KSU #su #UNCG #du #UTSA #Lu #PVAMU #PvActUp2 https://t.co/BT1AjrN66x"
240,KSU,1455344155371216896,Hire a top expert to handle your due homework assignments. HMU  #KSU #WSU #FSU #FIU #UCF #NYU #LIU #UNCP #NCAT #TAMU #TWU  #UNG #GSU #BGSU #UCI #CSU #USA #NTAs #twitch #asutwitter #ncat #ncat20 #ncat21 #ncat22 #ncat23 #ncat24 #nccu21 #nccu22 #WWERaw https://t.co/yI7rIWtlbp
241,KSU,1455343721071919111,RT @zeroplagiarism1: Hire us for reliable essay and assignment help #Assignments #Essays #Online class #Homework  #Gramfam #pvamu #alcorn #‚Ä¶
242,KSU,1455343134066581522,"For your essays, homework and all your assignment needs, hit me up and I will help you out at very affordable rates.  #KSU #WSU #FSU¬† #FIU #UCF¬† #GSU #BGSU #UCI #UCLA #WSSU  #HBCUs #FAMU¬† #TAMUK #NSU #XULA #UNT #UTA #AMU #PVAMU #FVSU #PSU #PTS #APSU #GCU  https://t.co/LDAVDx3Cbc"
243,KSU,1455342595010400259,Week 9 Offense &amp; Defensive Player of the Week #NCAA #ncaafootball #collegefootball #college #football #CFB #sports #NFL #NFLDraft #nflmemes #nflfootball #nflnews #nflsunday #nflhighlights #nflupdates #nflupdate #losangeles #msu #ksu #michiganstate #kansasstatefootball https://t.co/CHgqAcCXo5
244,KSU,1455342538823438343,@thegrant_ksu Just walk in
245,KSU,1455342458418704388,Hire us for reliable essay and assignment help #Assignments #Essays #Online class #Homework  #Gramfam #pvamu #alcorn #TU25 #ncat #KSU #TXSU25 #xula #JSU #SSU #BSU #BCU #du23 #halloween2021 #FAMU #NIU #msu23 #bamastate #ASUTwitter #TAMU #SquidGame https://t.co/NG5548P4n0
246,KSU,1455341395657568258,@thegrant_ksu Spot them 7 early and wait for @KUAthletics to tweet out that the gates are open.
247,KSU,1455340179124887552,#ncat #GSU #CSU #FVSU #ASU #SSU #VSU #MYASU #NCAT #MSU #TSU #TXSU #NSU  #FAMU #GSU #fsu #KSU  #ksu  #Ncat #ncat24 #ncat21 Are you in need of Assignment help? #Accounting #Economics #Mathematics #statistics #Calculus #ResearchPaper #Homework #Assignments HMU +18609263917 https://t.co/IdREEdPwPu
248,KSU,1455339747514126343,@ElCraig31 @thegrant_ksu We‚Äôve lost a lot of games in our traditional home/away uniforms too! Wear whatever the team wants too! Go Cats!
249,KSU,1455339579830161412,RT @essaytutors14: DM for Get your high-quality essay on time Rated 5/5 #xula24 #xula #JSU #ksu #pvamu24 #TXSU #GSU #htx24 #htx #CAU #UofA‚Ä¶
250,KSU,1455339519105015808,"@thegrant_ksu Okay, you're first gonna want to hit up Billards Airport in Topeka, then my boy Rivaldo will be waiting in a Cessna 182 with the word ""Sexy"" on the side.  He'll provide the equipment.  He'll take you over Memorial and you'll jump."
251,KSU,1455339417548230663,RT @MitchTheFort: KSU's next two games will kick at 11 AM and televised on FS1 https://t.co/x4LhFpwmmC
252,KSU,1455339085976023040,@thegrant_ksu Wait for KU to go up 10-0 and then walk right in when they open all the gates
253,KSU,1455338554968662016,@90_ksu Closest thing to David Garrett since his time.
254,KSU,1455338258418872323,@thegrant_ksu Walk in with a group
255,KSU,1455338243025682434,"RT @Brightthewriter: I can do your maths, essays, online tests #xula #JSU #NIU #MSU #KSU #PVAMU #TXSU #UT #GSU #SHSU #HTX #UNT #XULA #TAMU‚Ä¶"
256,KSU,1455338217138528260,"RT @Brightthewriter: I can do your maths, essays, online tests #xula #JSU #NIU #MSU #KSU #PVAMU #TXSU #UT #GSU #SHSU #HTX #UNT #XULA #TAMU‚Ä¶"
257,KSU,1455338112108933123,@thegrant_ksu Find some KU snowflake in the parking lot who has a ticket and take it from them. Set the tone early.
258,KSU,1455338000993460229,"RT @WriterNaya: I can do your maths, essays, online tests #xula #JSU #NIU #MSU #KSU #PVAMU #TXSU #UT #GSU #SHSU #HTX #UNT #XULA #TAMU #CAU‚Ä¶"
259,KSU,1455337126539632646,@FANMAN_KSU *likes for future use*
260,KSU,1455336890157223944,@DD_KSU That‚Äôs true. I say that And then they look like shit.. nice
261,KSU,1455336709705670656,RT @essaytutors14: DM for Get your high-quality essay on time Rated 5/5 #xula24 #xula #JSU #ksu #pvamu24 #TXSU #GSU #htx24 #htx #CAU #UofA‚Ä¶
262,KSU,1455336436882935811,@monty_putnam @kstatesports KSU in any form would üíú love to accept your money. I agree with the others how mentioned donating to the @KStatePride practice facility.  https://t.co/8skabCKiN7
263,KSU,1455334914149138434,@FANMAN_KSU 1 pass vs Buffalo that‚Äôs it.
264,KSU,1455334245707177988,RT @essaytutors14: DM for Get your high-quality essay on time Rated 5/5 #xula24 #xula #JSU #ksu #pvamu24 #TXSU #GSU #htx24 #htx #CAU #UofA‚Ä¶
265,KSU,1455334234340708352,RT @essaytutors14: DM for Get your high-quality essay on time Rated 5/5 #xula24 #xula #JSU #ksu #pvamu24 #TXSU #GSU #htx24 #htx #CAU #UofA‚Ä¶
266,KSU,1455334221397078026,RT @essaytutors14: DM for Get your high-quality essay on time Rated 5/5 #xula24 #xula #JSU #ksu #pvamu24 #TXSU #GSU #htx24 #htx #CAU #UofA‚Ä¶
267,KSU,1455334000097177601,@Savage_Spurs @thegrant_ksu @thatguydombele @SkySportsNews Jeeeeeeesus
268,KSU,1455333879972343812,"@thegrant_ksu That's one of the areas where you can really tell that the Chiefs are a family-owned NFL franchise.  They always pick up all the big undrafted FAs from K-State. They usually don't work out, but it's just cool that they do it. It's cooler that Pringle is actually working out."
269,KSU,1455333639407931394,HIT US UP IF YOU NEED HELP WITH; #statistics #canvas #pearson #aleks #blackboard #onlineClasses  #Exams #quiz  #homework  #essayhelp #Accounting   #KSU #WSU #FSU #FIU #UCF #NYU #LIU #UNCP #NCAT #TAMU #TWU #UMD #UMUC #UNG #GSU #BGSU #UCI #CSU #USA¬† #NTAs https://t.co/V1SA7n1F7l
270,KSU,1455333543089946629,HIT US UP IF YOU NEED HELP WITH; #statistics #canvas #pearson #aleks #blackboard #onlineClasses  #Exams #quiz  #homework  #essayhelp #Accounting   #KSU #WSU #FSU #FIU #UCF #NYU #LIU #UNCP #NCAT #TAMU #TWU #UMD #UMUC #UNG #GSU #BGSU #UCI #CSU #USA https://t.co/5Ch8hbZg8b
271,KSU,1455333463544979459,DM for Get your high-quality essay on time Rated 5/5 #xula24 #xula #JSU #ksu #pvamu24 #TXSU #GSU #htx24 #htx #CAU #UofA #WTAMU #AndroidDev #learntocode #100DaysOfCode #womenintech #WomenInSTEM #GirlsWhoCode #CodeNewbie #FHU #nsu24 #WSU #AAMU #FHS #emui12 https://t.co/UvxB17rmn6
272,KSU,1455333280530812931,Had a great time visiting KSU this past Saturday @RicoZackery @CoachChesnutKSU @BohannonBrian https://t.co/f6y1N0pwn5
273,KSU,1455333279255629824,@FANMAN_KSU Eye Test Analytics is a premier college and pro ratings system I have developed. Follow me @EyeTest_One and visit https://t.co/AXLu2VbBOU for access to weekly nfl/cfb ratings of every team along with daily chiefs/cats news and info posted on my blog. I follow back!
274,KSU,1455332195611123716,@thegrant_ksu You can probably walk in without a ticket.   Who cares?
275,KSU,1455331286470565892,NCAA - Ohio vs Kent State  inStat Top Rated  1. Abby Townsend (OU) 2. Sam Wexell (OU) 3. Sarah Melen (KSU) 4. Haley Miller (OU) 5. Shae Robertson (OU)  From last week. A winner would've claimed a MAC title...but not to be on this day. https://t.co/DD4qeqvUar
276,KSU,1455331030546714630,"@monty_putnam @DarisJB56 @BigGameBoomer From what I know of our fans that went to Auburn back in 2007 or whatever when KSU played them... the bar scene is like 2 bars? Maybe they have better tailgating, but no Aggieville. Though lots can change in 14 yrs"
277,KSU,1455328757913317378,I hope UC beats KSU in the challenge
278,KSU,1455328503780552707,It‚Äôs definitely time to look to the future and hope for what that will bring. I sometimes catch myself backsliding in life and I definitely don‚Äôt want that for TCU. But Bill Snyder put together two separate HOF coaching stints with KSU. Just sayin
279,KSU,1455327338850406400,@thegrant_ksu @John5tork Those better be box seats lol
280,KSU,1455325906227040265,KSU‚Äôs defense is tied for 12th in the nation in sacks and tied for 15th in the nation in average sacks per game with 2.75. Felix Anudike-Uzomah leads the nation with 10 sacks (12 in our hearts) and 1.25 sacks per game
281,KSU,1455325837411115017,"@thegrant_ksu Show up to the game, scalper outside the stadium . $5 guaranteed"
282,KSU,1455324898822344706,RT @iamtimeverson: The MittieCats (@KStateWBB) rolled in their exhibition opener versus Washburn U on Sunday despite some offensive issues.‚Ä¶
283,KSU,1455324369597652998,"@ScrappyClaws @DYoungRivals Buddy these records are atrocious barring a few years, and you play in the big 12 which is dog shit. Nebraska is at its lowest point in program history and still better than KSU and also way more relevant. Go cry https://t.co/mMHRpYkQnD"
284,ADP,1455357716382244875,RT @xotrinx: üìçAnalysis: The Amhara region (ADP) has more than enough fighters &amp; arms. The issue emanates from ADP‚Äôs refusal to arm militias‚Ä¶
285,ADP,1455357658043609094,"RT @ChinaEmbKabul: 2/3China firmly pursues a friendly policy toward all Afg people, besides more humanitarian assistance to Afg, Chinese FM‚Ä¶"
286,ADP,1455357407513751558,@lenovoUS @troyesivan @ArchDigest why after purchasing Ultimate Warranty and ADP for my laptop does it say i have to wait 30 days in order to even use it? What kind of B.s is this if yall took my money Right away?
287,ADP,1455357228513251332,"RT @ChinaEmbKabul: 2/3China firmly pursues a friendly policy toward all Afg people, besides more humanitarian assistance to Afg, Chinese FM‚Ä¶"
288,ADP,1455356970488242179,RT @xotrinx: üìçAnalysis: The Amhara region (ADP) has more than enough fighters &amp; arms. The issue emanates from ADP‚Äôs refusal to arm militias‚Ä¶
289,ADP,1455356598876983299,"RT @ChinaEmbKabul: 2/3China firmly pursues a friendly policy toward all Afg people, besides more humanitarian assistance to Afg, Chinese FM‚Ä¶"
290,ADP,1455355658417672192,"RT @ChinaEmbKabul: 2/3China firmly pursues a friendly policy toward all Afg people, besides more humanitarian assistance to Afg, Chinese FM‚Ä¶"
291,ADP,1455355279432814593,"RT @ChinaEmbKabul: 2/3China firmly pursues a friendly policy toward all Afg people, besides more humanitarian assistance to Afg, Chinese FM‚Ä¶"
292,ADP,1455355060959989769,"RT @ChinaEmbKabul: 2/3China firmly pursues a friendly policy toward all Afg people, besides more humanitarian assistance to Afg, Chinese FM‚Ä¶"
293,ADP,1455354429285273604,@Otaboo_K @SunUpAtSizzler Booda/Goober/ADP/Zeon/Ryo
294,ADP,1455354215002423298,"RT @ChinaEmbKabul: 2/3China firmly pursues a friendly policy toward all Afg people, besides more humanitarian assistance to Afg, Chinese FM‚Ä¶"
295,ADP,1455354162447847424,"RT @jobsfrombdm: Bioplast Manufacturing, L.L.C. is #Hiring! Assembly Packer in #BristolPA, USA https://t.co/9aKimFn2UH  courtesy https://t.‚Ä¶"
296,ADP,1455354110157463556,"Bioplast Manufacturing, L.L.C. is #Hiring! Assembly Packer in #BristolPA, USA https://t.co/9aKimFn2UH  courtesy https://t.co/OWawzZnGxZ  #injectionmold #maintenancetechnician #manufacturingjobs #machineoperator #nowhiring #hiringnow #jobs #careers #jobopportunity #jobopening https://t.co/9k6ddi8uqf"
297,ADP,1455354001365504002,"RT @ChinaEmbKabul: 2/3China firmly pursues a friendly policy toward all Afg people, besides more humanitarian assistance to Afg, Chinese FM‚Ä¶"
298,ADP,1455353889138495490,"RT @ChinaEmbKabul: 2/3China firmly pursues a friendly policy toward all Afg people, besides more humanitarian assistance to Afg, Chinese FM‚Ä¶"
299,ADP,1455352779946532873,"@Otaboo_K I don‚Äôt even know who‚Äôs active tbh but prob adp, goober, shion, luxxy, whoever else places well"
300,ADP,1455352049030291459,"ADP long entry on 2020-03-26 at 127.7, current stop at 186.35, B% is 0.84, return 73.95%, expectancy 2958.39%"
301,ADP,1455349490336948225,RT @park_ri_rin_: 1Ô∏è‚É£ D-26 #LoeyDay   All ADP x Magz photoshoot are my favorite üíô https://t.co/pm7L3pnTIp
302,ADP,1455348677426434050,RT @xotrinx: üìçAnalysis: The Amhara region (ADP) has more than enough fighters &amp; arms. The issue emanates from ADP‚Äôs refusal to arm militias‚Ä¶
303,ADP,1455348438082666497,"Another great interview from SiliconANGLE theCUBE: Dave Martin, ADP | Commvault Connect 2021 https://t.co/8YVEPYqOUS Dave Martin, Global Chief Security Officer at ADP sits down with Dave Vellante for a CUBE Conversation as part of Commvault Connections 2021."
304,ADP,1455347618666659849,"I need people to see Gainesville's new talent, ADP is so so good and bmoc tazmily and hypo are decent threats too, not to mention zeon's incredible improvement and meap and airport's solid improvement  not saying Gainesville would wash Jax but it'd be closer than some give credit"
305,ADP,1455346988292231168,"ADP unveils Ume-Ezeoke, urges voters to shun other¬†parties https://t.co/8zzbvpAEKp"
306,ADP,1455346736948342788,That means Fano and others should just keep the arms they find.   Theirs no need to go through ADP  Stop always trying to save face and do what's needed https://t.co/yWzIfeOcUA
307,ADP,1455344637724479498,@albertoespaill1 @WonderBread4510 ADP would take care of you
308,ADP,1455341708825268234,$ADP Waiting for Short signal on  ADP with https://t.co/gd5deldXML https://t.co/ZjPghyaNIG
309,ADP,1455340496750997504,RT @ADPwebmaster: New TV series with #AudioDescription: E!: Growing Up Chrisley TLC: The Family Chantel See all TV series with AD at https:‚Ä¶
310,ADP,1455340454522859537,@JoshuaDover Lol love the ADP name drop üòÇ
311,ADP,1455338378325594120,RT @njh287: Great #smsports JOB ‚Äî Director of Social Media for the Chicago @ChicagoBears https://t.co/xm5IdcN4sl Solid job posting.  Some b‚Ä¶
312,ADP,1455338371954380800,"Automatic Data Processing EPS beats by $0.16, beats on revenue https://t.co/tWehcwegtt $adp #stockstobuy #earnings #news."
313,ADP,1455338028222853126,RT @ADPwebmaster: New USA @Netflix with #AudioDescription: Army of Thieves Colin in Black and White Hypnotic Thomas &amp; Friends: All Engines‚Ä¶
314,ADP,1455337987022237700,RT @ADPwebmaster: New USA @PrimeVideo with #AudioDescription: B Positive BASEketball Bergman Island Malignant Mothers of the Revolution Rus‚Ä¶
315,ADP,1455337516341530627,@SmallStateTakes @YourFantasyBall @MatthewBerryTMR In a vacuum I would lean Toney scores more points but you weren‚Äôt wrong being aggressive for a RB with the potential usage ADP could ultimately get to
316,ADP,1455337180457545730,RT @tjayislegendary: yall ADP making big moves like this??? @Mr0_0Max ü§òüèæ
317,ADP,1455337113663066115,RT @PlanetaryRocks: Post-Doctoral Fellowship in Cosmochemistry at NASA‚Äôs Johnson Space Center @Astromaterials @LPItoday  @earth_jobs @nonsc‚Ä¶
318,ADP,1455336908825890820,RT @modernista64: @InfoGuru16 @BSHerrle @EricR42 @John_iwas_ @McDonnellMJ @Symonsez13 @JohnFloridaMan @everclay1 @JimlikesBB @Karlton111 @b‚Ä¶
319,ADP,1455336706689802241,"@InfoGuru16 @BSHerrle @EricR42 @John_iwas_ @McDonnellMJ @Symonsez13 @JohnFloridaMan @everclay1 @JimlikesBB @Karlton111 @battle_bullshit @dstrzalka_diana @eturleye @CherreeJayne @tsowers6 @EducatingTrump2 @TheMattBoyScout @Trump_is_a_lock @LittleBigTop3 @VicJules69 @KelownaLuke @DeblanchDon @PogueMoran @neville1776 @princesspbbaby @roboticshoe72 @rationalnik @neal_cowboy @NickDone8 @LeChocker @EarthOne_13 @FrankModeo @Higg09 @AngryFleas @PaulR97503570 @SwanIndependent @teamphil @Joes94CrimeBill @denialanderson @RawkRari @604Raincouver @BillGroner1 @Hirdman @FighterTh @Mr_Keith_Stoned @FreddiMercury1 @angryturbo @leftspanker2020 @scottp33 There was one lawsuit that sought to stop or delay the audit, filed by the AZ Dems (not the DNC).  They had five lawyers on the case. Local lawyers from two firms that regularly represent the ADP and Dem candidates. Precisely zero lawyers were sent to AZ to stop the audit."
320,ADP,1455334977013313542,RT @bloeycean: ‚ï∞‚îÄ‚û§Day 1 üçí ‚ü®‚ü® Favorite Chanyeol Photoshoot ‚ü©‚ü©  Chanyeol and ADP photoshoot are always top tier   #LoeyMonth #Loeyvember #Ï∞¨Ïó¥‚Ä¶
321,ADP,1455334659739553794,yall ADP making big moves like this??? @Mr0_0Max ü§òüèæ https://t.co/fqnivWqJlz
322,ADP,1455333873219424262,"RT @jobsfrombdm: Genesis Investment Properties (GIP) is #Hiring! Junior Property Manager in #HamiltonNJ / #HamiltonTownship, #NewJersey, US‚Ä¶"
323,ADP,1455331965012307977,RT @bloeycean: ‚ï∞‚îÄ‚û§Day 1 üçí ‚ü®‚ü® Favorite Chanyeol Photoshoot ‚ü©‚ü©  Chanyeol and ADP photoshoot are always top tier   #LoeyMonth #Loeyvember #Ï∞¨Ïó¥‚Ä¶
324,ADP,1455331572861882369,"You are reading this on social media network, and you might be a Fuller student. If so, we want you to help us do creative things with our social media accounts (as well as catch typos like the one in the first sentence of this post). Apply here. https://t.co/i8hEq192j3"
325,ADP,1455331544449552393,"Working at Adp, cool  Driving to the west side? Not cool https://t.co/uzVxav8Jz7"
326,ADP,1455331350882422784,"Genesis Investment Properties (GIP) is #Hiring! Junior Property Manager in #HamiltonNJ / #HamiltonTownship, #NewJersey, US https://t.co/vmubqs9ToS  courtesy https://t.co/JE1WKQx68P  #propertymanager #propertymanagementjobs #newjerseyjobs #nowhiring #jobs #careers #jobopportunity https://t.co/BDWC4ZkpiT"
327,ADP,1455331151946530817,RT @chanyeolixx_: : ÃóÃÄ‚ûõDay 1üçí Íí∞ Favorite Chanyeol Photoshoot Íí±  üì∏one of my favorite chanyeol photoshoot is with ADP   #Ï∞¨Ïó¥ #ÏóëÏÜåÏ∞¨Ïó¥ #„ÉÅ„É£„Éã„Éß„É´ #Êú¥ÁÅøÁÉà‚Ä¶
328,ADP,1455330738086285320,RT @PlanetaryRocks: Post-Doctoral Fellowship in Cosmochemistry at NASA‚Äôs Johnson Space Center @Astromaterials @LPItoday  @earth_jobs @nonsc‚Ä¶
329,ADP,1455329035639304192,RT @PlanetaryRocks: Post-Doctoral Fellowship in Cosmochemistry at NASA‚Äôs Johnson Space Center @Astromaterials @LPItoday  @earth_jobs @nonsc‚Ä¶
330,ADP,1455328885579603972,Safe travels ADP!  There are not many of you out there and I‚Äôm sad to see you go. But be good to your new owner! #thehobby https://t.co/M96CDU9f3W
331,ADP,1455328874284425217,"RT @jobsfrombdm: Medical Diagnostic Laboratories, LLC (MDL) is #Hiring! Business Development Manager - Sales, #Nationwide USA https://t.co/‚Ä¶"
332,ADP,1455325390998749187,RT @PlanetaryRocks: Post-Doctoral Fellowship in Cosmochemistry at NASA‚Äôs Johnson Space Center @Astromaterials @LPItoday  @earth_jobs @nonsc‚Ä¶
333,ADP,1455325081266233349,RT @Investingcom: üá∫üá∏U.S. ECONOMIC DATA THIS WEEK:  *ISM MANUFACTURING PMI (MON.) *VEHICLE SALES (TUES.) *ADP PAYROLLS (WED.) *ISM SERVICES‚Ä¶
334,GLW,1455339438528139268,"‚ñ™Ô∏èDystopian Hours IV just started selling on secondary market as well on @hicetnunc2000 ‚ñ™Ô∏èNow I can actually go to sleep, thank you @zancan for this lovely surprise and @space_glw for always believing in my work üîóhttps://t.co/VBWzKQEx7W https://t.co/Xq32vlDdzP"
335,GLW,1455338034694660097,"@zancan @space_glw Thank you so much, really appreciate your feedback! üêà‚Äç‚¨õüñ§"
336,GLW,1455330841312305164,"@space_glw @APthearchitect Thank you for this discovery, very good work indeed.  (From a üêà‚Äç‚¨õ owner :) )"
337,EXPE,1455352860363800578,@polog2837223 @STXRBOY999 is expe
338,EXPE,1455352835852353537,@ItsBrickzz @STXRBOY999 EXPE would have to have like a 40% day for it to reach 1000%
339,EXPE,1455352217804820481,@STXRBOY999 Options for $EXPE?
340,EXPE,1455352079493513217,"EXPE long entry on 2020-03-25 at 62.1, current stop at 117.94, B% is 0.53, return 169.29%, expectancy 38.42%"
341,EXPE,1455352079115907072,@STXRBOY999 EXPE is the 1000 gainer
342,EXPE,1455352028977324034,@STXRBOY999 Is $EXPE the 1000%??
343,EXPE,1455351971922149376,RT @STXRBOY999: watchlist for tomorrow: $EXPE | $OTRK | $SPY | $OEG | &amp;‚Äô | $ACHR | ‚ù§Ô∏è‚Äçüî•
344,EXPE,1455351827420131328,@STXRBOY999 EXPE IS THE 1000%
345,EXPE,1455351827411636226,@STXRBOY999 EXPE THE 1KKK
346,EXPE,1455351803860684803,RT @STXRBOY999: watchlist for tomorrow: $EXPE | $OTRK | $SPY | $OEG | &amp;‚Äô | $ACHR | ‚ù§Ô∏è‚Äçüî•
347,EXPE,1455351796809883652,RT @STXRBOY999: watchlist for tomorrow: $EXPE | $OTRK | $SPY | $OEG | &amp;‚Äô | $ACHR | ‚ù§Ô∏è‚Äçüî•
348,EXPE,1455351761653231617,watchlist for tomorrow: $EXPE | $OTRK | $SPY | $OEG | &amp;‚Äô | $ACHR | ‚ù§Ô∏è‚Äçüî•
349,EXPE,1455350194875224066,@nurdayanaok If you haven't fall in love yet...you haven't expe
350,EXPE,1455350193218596867,@ibrahimz2013 If you haven't fall in love yet...you haven't expe
351,EXPE,1455344067496267776,The a look at the upcoming Expedia Group Inc (EXPE) earnings report. Full report at https://t.co/As4o6oKqXS ‚Å† #forex #investors#trading #investing #crypto #bitcoin  #stocks https://t.co/knOpiV7AYs
352,EXPE,1455339353199284226,RT @elitecaptrader: Monday's Recap  Stocks @Elitegaptrading  $ATEN sold last 25% (Already made $ on 75%) $ENPH reached 2nd targetüî• $WOLF re‚Ä¶
353,EXPE,1455338579891269638,Monday's Recap  Stocks @Elitegaptrading  $ATEN sold last 25% (Already made $ on 75%) $ENPH reached 2nd targetüî• $WOLF reached 2nd targetüî• $CDMO reached 2nd targetüî•  New   $ON went long   Options @elitecapoptions  $EXPE 4.85 to 7.1 (TP)üî• $BA 2.05 to 3.01 (TP)üî• $TSLA Full swing
354,EXPE,1455330349248962561,RT @ThePupOfWallSt: Charts posted today   $FSLR $FCX $LAC $SOFI $PLTR $SQ $CRWD $EXPE $HUT https://t.co/LDfpT9YHEP
355,EXPE,1455327948484055044,@thoughtfulbae I NEED TO HEAR THE GAMBINO AND SILK SOMIC TRACK EXPE-FUCKIN-DICOUSLY
356,EXPE,1455326036426731520,"RT @drippy2hard: üõ∂ #driprecap üõ∂  $KSS 54C +400%, been holding this since last week  $OLN 58C +100%. Watching tomorrow  $MARA 55/56/57C over‚Ä¶"
357,MHK,1455340109566562306,@RileyCountyPD assisted with traffic control in the area and @RileyCountyKS EMS is on scene as a precaution.  We will have details on https://t.co/ZkOBOZVIve as more information becomes available.   #MHK #HouseFire #RCFD1 #MFD #RCPD #RCEMS #wibw
358,MHK,1455340107083485188,"@RileyCountyKS Fire with @ManhattanFD are working to extinguish a two-story house fire on Dunbar, south of Fort Riley Boulevard.  The house was unoccupied at the time of the fire, no injuries have been reported.  #MHK #HouseFire #RCFD1 #MFD #RCPD #RCEMS #wibw https://t.co/HmUZVtOHC2"
359,MHK,1455336704995479554,50 DMA Support today: $MHK ... https://t.co/RCLFUwarui
360,MHK,1455330997105483783,@1ReginaldS Couldn‚Äôt be happier you are in MHK
361,MHK,1455326957214879748,"@carn2vol @henry_p2312 @BigGameBoomer That‚Äôs not where the tailgating is dude. üòÇüòÇüòÇ  But if ya want to compare cities? Ok.   Yes! Manhattan &gt; Knoxville   And @KStateFB tailgating &gt; UT tailgating.   ALL DAY LONG.   Ring em up. Knoxville, Athens, Gainesville, Lexington, Klempsun, Raleigh, Chapel Hill.   MHK is tops."
362,ALGN,1455351489355030529,Top 15 Healthcare stocks with market cap over 1 billion in 5 days.   üëâ https://t.co/CozvZZKu5L  $NUVL $RXDX $CYH $AVAH $BLUE $SEER $ICVX $DOCS $VCYT $ENSG $ACHC $ALGN $OLK $HLTH $RGEN  üöÄüöÄüöÄüöÄüöÄ https://t.co/efDySNA9s7
363,ALGN,1455350228203286528,Top 15 Healthcare stocks with market cap over 1 billion today.   üëâ https://t.co/YFhMWrAhqC  $HLTH $ICVX $VALN $ABCL $VCYT $NNOX $DICE $SENS $DOCS $IBRX $ALGN $AMWL $NUVL $SGFY $RXRX  üöÄüöÄüöÄüöÄüöÄ https://t.co/QqnKyU9jfk
364,ALGN,1455345094278647817,"$ALGN has been added to the Best Stocks list with an EM of 27.0, market capitalization 52576.0 and a perfect timing 5.4. You can find it here https://t.co/sdOB5AhCwX"
365,ALGN,1455337991778586626,RT @AtcsUsa: $SPY #SPX - Top 10 Gainers Today  #BEN 11.62% #TSLA 8.49% #ALGN 5.94% #LVS 5.69% #ABMD 5.41% #NCLH 5.25% #F 5.09% #DE 4.80% #D‚Ä¶
366,ALGN,1455337688572301319,$ALGN Time to secure locates to short  Register for 7-Day Trial Access at https://t.co/4iPw4wGRcw https://t.co/hcg3i5WqFS
367,ALGN,1455333991813373953,RT @AtcsUsa: $SPY #SPX - Top 10 Gainers Today  #BEN 11.62% #TSLA 8.49% #ALGN 5.94% #LVS 5.69% #ABMD 5.41% #NCLH 5.25% #F 5.09% #DE 4.80% #D‚Ä¶
368,ALGN,1455333084103012354,$SPY #SPX - Top 10 Gainers Today  #BEN 11.62% #TSLA 8.49% #ALGN 5.94% #LVS 5.69% #ABMD 5.41% #NCLH 5.25% #F 5.09% #DE 4.80% #DVN 4.77% #PENN 4.60%  #trading #investing
369,ALGN,1455331091422662657,holaa algn tiene el drive de this is us de 1D?
370,SEE,1455357819037884418,"i say this bc it‚Äôs hard to find people that understand and respect the fact that feelings genuinely make me uncomfortable, so it‚Äôs nice to see that there‚Äôs still hope"
371,SEE,1455357819025338370,@RaashiSahaDeva Wow. Love to see more
372,SEE,1455357818735788035,"RT @AndrewHiesinger: Who wants to see some updated Dark Pool levels for $AMC, $GME?  50 likes and 15 retweets, and it will be posted up."
373,SEE,1455357818609958912,"RT @kurteichenwald: ....treated as a luxury, paid free time an impossibility, children unaffordable, homes a dream. Yes, work is important‚Ä¶"
374,SEE,1455357818383515652,RT @Brocklesnitch: you must see the end of the ep of this new dating show where the guy picks which woman is already in a relationship http‚Ä¶
375,SEE,1455357818077204483,RT @sanastan28: This comment under Shehnaaz's latest post ‚ù§Ô∏è‚ù§Ô∏è  See @ishehnaaz_gill u inspire so many ppl unknowingly ‚ù§Ô∏è‚ù§Ô∏è  #ShehnaazGill #‚Ä¶
376,SEE,1455357817657835520,"@GopherCrew Could see a split with Penn St, could catch the Roos.."
377,SEE,1455357817603465217,RT @mchooyah: What you see happening is the result of making decisions based on emotions rather than logic.
378,SEE,1455357817368375297,"RT @euphoria_sarah: If only waste it on me,savage love,and who were under his name not the group. But no bighit hate to see it üòë His passio‚Ä¶"
379,SEE,1455357817343315968,@FrancisMaudeAdv I really want to see the Chicken God‚Äôs revenge on KFC
380,SEE,1455357817284562944,"@adamjohnsonNYC @sarahlazare Once you see, cannot unsee.  It's young Jason Alexander. Costanza from Seinfeld. https://t.co/30rqwoNJMv"
381,SEE,1455357817053978624,"@scoopoloop @job_gyhb You must be trolling. Type ""White people"" in any search engine. Turn the news on. See all the racially based hysteria within academia, the news media, trainings for corporate employees, segregated graduations, events and ""Affinity Spaces"" at our top schools??? Its everywhere https://t.co/Zsxntyp7CW"
382,SEE,1455357816793796608,RT @AmeriKraut: see how bagheera gave us just enough claw to know baby could turn the game up a notch at any time?
383,SEE,1455357816525365252,@ShawnCosgrove1 No surprise to see @ekialb riding winners at Flemington
384,SEE,1455357816298950672,"RT @amateurtiktoks: Good to see that @SocksOnSolana keep growing, soon 20k followers? üëÄ"
385,SEE,1455357815975972866,"RT @_MikeAdams: Balenciaga is a social experiment to see what level people will stoop to just to show others they‚Äôve got coin, i won‚Äôt be t‚Ä¶"
386,SEE,1455357815833481218,RT @sneerid: ‚Äúdeactivating my accounts to disappear off social media‚úåÔ∏è‚Äù yea ight bitch see u next week
387,SEE,1455357815682383874,RT @lihautan: Let's see how slot in @sveltejs works  üßµüëá
388,SEE,1455357815623766019,"RT @ElochukwuOhagi: This is evil being committed by @HQNigerianArmy in Igbo state of Agwu, Enugu State. They are shooting at people's house‚Ä¶"
389,SEE,1455357815598501893,@nz_ I would like to see a collaborative repo - an analogue of coreutils but for full stack infrastructure slices with latency benchmarks and cost formula. (1/2)
390,SEE,1455357815296569346,"ü§ì Fun Fact ü§ì What would one #ELON cost if it had the market capitalization of #XRP #XRP? Unbelievable but true, one #Dogelon Mars would cost $0.00009237 ü•∞. See üëÅÔ∏è  https://t.co/D8vyQ1QQEo https://t.co/28ii54OyWZ"
391,SEE,1455357815275458561,RT @VeronicaWhiite: RT if you want to see some other shots from this series! https://t.co/WZRyrDLXOR
392,SEE,1455357815128797187,RT @ZssBecker: Reading stories left and right about how insanely up people are on NT.  Me and Elliot never set a price on a single NFT.  Th‚Ä¶
393,SEE,1455357815061630988,@itsmrstealyour_ don‚Äôt let the middle aged suburban soccer moms who vote for Cody but make homophobic jokes about jojo see this or they‚Äôll think you‚Äôre serious üòÇ
394,SEE,1455357814956859393,"RT @shibainuart: Opinion: Many tokens list on different Exchanges, yet $SHIB makes history by achieving upcoming listings in Tier 1 exchang‚Ä¶"
395,SEE,1455357814956826629,@bribrisimps oh yeah see u there üòãüíïüòÆ‚Äçüí®
396,SEE,1455357814663258113,if i see any harmful comments towards my boy im choosing violence without a second thought ü§∫ https://t.co/Mibeitvx8U
397,SEE,1455357814327545858,"RT @jaeyangsvalente: i love the concept of the drama, it‚Äôs about a man who's struggling to accept that he's falling in love with a man- but‚Ä¶"
398,SEE,1455357814252064781,"The goal is to get food items for sandwiches &amp; 2500 care packages by Sunday, 11/21! We need essential toiletries. As well as gloves, beanies &amp; hats. Kids from various foundations are making the sandwiches &amp; passing out care packages items. (See flyer for more details) https://t.co/s9DI2UHWqT"
399,SEE,1455357814143062018,"@Lupin_ch I wish you the best on your pursuit to learning 3D! It's one of the things I want to focus more on, so it might be something I'll share in the future. We'll see.  Thanks for believing in me, I hope I can pull through!"
400,SEE,1455357814092750852,"RT @AuthorKimberley: Climbing up on Solsbury Hill I could see the city light Wind was blowing, time stood still Eagle flew out of the night‚Ä¶"
401,SEE,1455357813840961537,"RT @Bababooie42: So Scott Morrison won't let Australia see Barnaby's drought envoy texts, but will leak a text from The President of France‚Ä¶"
402,SEE,1455357813329313795,RT @ILoveKindness2: @sandrine422 @TuckerCarlson ü§Æü§Æü§¨ @TuckerCarlson will do ANYTHING for attention! Didn't you see his mini series from Hung‚Ä¶
403,SEE,1455357813312589830,"@TorelloSports I couldn't see him leaving Oregon for anything other than Miami or the SEC. At this point, Oregon is a better program than Penn State or Nebraska and he has better resources there.  Now, if or when Florida would maybe part ways with Mullen, I'd go all out for Cristobal"
404,SEE,1455357813308329986,"RT @SunshineMoonRX: like, that was the big lie millenials were sold for ages, right. one day you'll be a manager with a big office and a ho‚Ä¶"
405,SEE,1455357813023285252,Y‚Äôall can‚Äôt buy nothing off my site cuz it‚Äôs all gone. See ya in a few weeks ü§£üôÉ
406,SEE,1455357812800950276,RT @bullybidness: SEE‚Ä¶.This is what happens when you use both your tickets to pound town at the SAME TIME . @yardiestyle2 .  It‚Äôs getting r‚Ä¶
407,SEE,1455357812641607684,@williamlegate Is that Black Hole Sun version of Zuck??  It's like we can see right into his black soul. https://t.co/VK529IUjHZ
408,SEE,1455357812314365954,RT @YasmhneeO_o: Y‚Äôall be such great moms so young it‚Äôs so cute. I love to see it. It‚Äôs really people out here who don‚Äôt deserve children.
409,SEE,1455357812112904193,@cringegobrrr D: Save them.  In all seriousness I'm excited to see where this goes. :D
410,SEE,1455357811810992128,RT @hernan_fur: El Show que quiero ir a ver pero Lin Hu estoy seguro que no querr√° ir ü•∫üêª  (English) The Show I want to go to see but Lin Hu‚Ä¶
411,SEE,1455357811790159880,"RT @shibainuart: Opinion: Many tokens list on different Exchanges, yet $SHIB makes history by achieving upcoming listings in Tier 1 exchang‚Ä¶"
412,SEE,1455357811760812033,Keep talkin ja! See how that works out for you! We aren‚Äôt shooting like that again!
413,SEE,1455357811605397507,@AaryanS19 i see highlights all over the place from all of those guys except jalen
414,SEE,1455357811441881088,@FictionPress I can't seem to get any emails for story alerts since last Tuesday. Can you see if something isn't working on your end please? Thank you
415,SEE,1455357811190284290,i'm sorry i always post so many pictures of rangie but every day i'm like ‚ò∫Ô∏è‚ò∫Ô∏è‚ò∫Ô∏è wheni can see her visibly get comfortable and I want people to witness her progress with me...
416,SEE,1455357811056054279,@PulseNigeria247 Nigerian government no won see any Igbo man succeed
417,SEE,1455357810909270020,RT @AmeriKraut: see how bagheera gave us just enough claw to know baby could turn the game up a notch at any time?
418,SEE,1455357810900754432,I don't want to see any fan wars on my tl
419,SEE,1455357810863128576,"@mfullhack @kat61969 @wfaa Now don‚Äôt get me started on Trump. That is an entirely different conversation and Trump and Patriot should not be used in the same sentence. See some of us are about rules,law and order and not lawlessness,lies and disorder."
420,SEE,1455357810120687616,RT @corykanexxx: Missing summer already - I wanna go jerk off outdoors again wahhh üò©üòàüòàüòàüòàüí¶   See more @ https://t.co/f2SPhgHnaI    https://t‚Ä¶
421,SEE,1455357809697050625,@chartdata @BTS_twt we love to see it  #TheMusicVideo #BUTTER #PCAs
422,SEE,1455357809567191040,@murtaugh_todd @USMortality I would love to see the actual fully vaccinated data
423,SEE,1455357809567150082,"I just wanna see you naked Legs spread, on my, yeah"
424,SEE,1455357809525100545,RT @ihs_heeseung: everywhere i go i see this hoodie https://t.co/dNMBbp4tnD
425,SEE,1455357809483304960,@KingSlayerxRGS @moxymox3 @EloLanTV @Trainwreckstv @EA Security has no control over the kid putting something on the conveyor‚Ä¶. They don‚Äôt know if a conversation was had prior between the parent and the child if they see them put it in their pocket then security does their job‚Ä¶. It‚Äôs not the stores fault at all lol
426,SEE,1455357809357320199,"RT @SunshineMoonRX: I see the media machine is in gearing up on inventing an industry of ""actually millenials have the same incomes and val‚Ä¶"
427,SEE,1455357809051197449,@RiyadMahrezSZN See u soon brotha
428,SEE,1455357809004986370,RT @beautxty: good morning ‚ú®   and i will not stop on manifestinggg a txt daesang until it became real. We will work harder as time goes by‚Ä¶
429,SEE,1455357808623251457,RT @bruciewayne21: retweet if you're excited to see both  spiderman no way homeüï∑Ô∏è and the batman ü¶á https://t.co/dXzVmYEVMW
430,SEE,1455357808531148802,"@RadziwillLee Sorry just google Roth and Solomon jewelry book, and then go to Pearl rings and you‚Äôll see it"
431,SEE,1455357808409415689,"RT @moajunn: once u see this tweet, pls RT and REPLY to vote for txt ! remember to vote on the website too because it's also important!!  [‚Ä¶"
432,SEE,1455357808166113288,RT @RRRMovie: Thank you soo much @alluarjun garu ü§© Can‚Äôt wait to see #Pushpa‚Äôs magic in December!! ‚ù§Ô∏è
433,SEE,1455357808082255872,Gotta love having mates who have a pool on a 30 degree day I'll see you legends latter tonight at 8pm AEST on twitch https://t.co/AIWCWDCiyR
434,SEE,1455357807939788814,@CashAppRecords How dare you make me see this with my own eyes!
435,SEE,1455357807889367044,RT @JonathanGuito: Tesla isn't just a car company. Or tech company. Or A.I. company.  Tesla is a movement. A paradigm shift. A REVOLUTION.‚Ä¶
436,SEE,1455357807696433155,"white leftist men love to dismiss other people‚Äôs lived experiences lol‚Ä¶ identifying with certain aspects of my identity is not manufacturing division, it‚Äôs an acknowledgement of the things that inform the way i see the world (and the way the world sees me)"
437,SEE,1455357807574794241,"RT @atomsmasherr1: A new JFF superfan is enjoying my 200 videos, 202 posts, and 408 likes. Here's a sneak peek. See ALL my content at: http‚Ä¶"
438,SEE,1455357807272865798,"RT @Voice__Reason: $BAT now the volume picking up, moved 10% on low volume, let‚Äôs see what happens now that people are noticing it."
439,SEE,1455357807193034757,"I just got some really bad news, I'll see y'all when i see ya. https://t.co/bhknaYDIsu"
440,SEE,1455357806773616645,Please bomb this survey as you see fit. Oakland Forever https://t.co/s3J3j0Brpa
441,SEE,1455357806383534084,"RT @hyunjaemwohae: You can see here that Sunwoo, Changmin, and Juyeon were debating whether a star is born or made. Sunwoo and Changmin (pr‚Ä¶"
442,SEE,1455357806274482180,"@Scott_WJ_21 @PapaGeo15 @CoriBush if a Black person killed some white people and the judge refused to let the judge call the victims victims, would you be okay with that? would you assume the judge is unbiased? or do you just see white supremacy as unbiased?"
443,SEE,1455357806026969090,"RT @sophsbts: 2021, BTS 8 years into career and has ""fans"" spreading narratives bc of their concept photos.  I know damn right yall complai‚Ä¶"
444,SEE,1455357805628645379,i can't wait to see and hug u soon
445,SEE,1455357805544853504,"Want to see more of this leak? I know you do!   For a FREE leak of these goodiez, go here: https://t.co/GeDJQFEmVL https://t.co/u1VH5lgENi"
446,SEE,1455357805494521857,RT @joshuadun: @saipookytowel great to see you all
447,SEE,1455357805251149828,"RT @Etadelius: I see that Hana is preparing for ICON 2.0's BTP üöÄ  Apart from $icx and $eth, now it supports $dot, $ksm and $glmr!  The futu‚Ä¶"
448,SEE,1455357804865376258,RT @nescartridges: the mandela catalogue face is a lot less scary when you see the original image LMAO https://t.co/9kzqKXUFlK
449,SEE,1455357804697604097,"Let your light so shine before men, that they may see your good works and glorify your Father in heaven.‚ÄùMatthew 5:16  24"
450,SEE,1455357804622057476,RT @drtynycman: Who wants this load? Where do you want it?  See my full load now. https://t.co/VpCrMK84cL https://t.co/k8HT5cDkH3 https://t‚Ä¶
451,SEE,1455357804483645440,RT @KosmosQ: Deep-fried ribeye burnt ends are the perfect way to cure the Monday blues üôå üòã ü•©     Tag someone who needs to see this üëáüëáüëá #kos‚Ä¶
452,SEE,1455357804319952898,RT @NowruzJournal: Thanks to those September submitters who've resubmitted their work in light of the tech issues that unfortunately delete‚Ä¶
453,SEE,1455357804110176263,"@murpharoo I'll believe the current government is going to do anything on climate change when I see it stop accepting fossil fuel money, stop allowing new projects to go ahead &amp; stop handing unbelievable sums of money to the fossil fuel industry dressed up as renewable projects. LIAR!"
454,SEE,1455357803963506692,"RT @_MikeAdams: Balenciaga is a social experiment to see what level people will stoop to just to show others they‚Äôve got coin, i won‚Äôt be t‚Ä¶"
455,SEE,1455357803892256768,RT @Brocklesnitch: you must see the end of the ep of this new dating show where the guy picks which woman is already in a relationship http‚Ä¶
456,SEE,1455357803749683201,RT @iitsbaddiee: Wanna see more? give me a followü•¥ https://t.co/bGe6gNTjpA
457,SEE,1455357803594334210,"RT @donwinslow: 1. This was Mitch McConnell's plan all along.  2. This is what coddling Joe Manchin has done.  3. Sadly, there remains a la‚Ä¶"
458,SEE,1455357803573522432,"This weekend‚Äôs trials of Osiris experiment was‚Ä¶ wow. Really hope we see some changes in the coming weeks. Heck, even bring back the flawless pool over this üòÇüò¨"
459,SEE,1455357803304980488,RT @communoah: Pete Davidson won't see your little comments about mentally ill men with questionable haircuts and tattoos but your transmas‚Ä¶
460,SEE,1455357803225178113,‚Äî üõíüõíüõí   post this in your acc and see how many people want to...  ü•ë-block you üçé - be your Friend üçì- meet you irl üçí -hold your hand üçá -date you üåΩ - ignore you
461,SEE,1455357803103621126,RT @freebies__0222: BOYLET 384 ‚ñ∂Ô∏èhttps://t.co/TblfGloTy7  ‚úÖ See pinned tweet on how to open the link https://t.co/U0eOjtwEDh
462,SEE,1455357802940076042,RT @marleymckin: im sorry i don‚Äôt really know how to word things or what exactly to say at the moment.. but i would just like to say that i‚Ä¶
463,SEE,1455357802772377602,RT @jaguarjulie: @aaronmullfilms Excellent video of the seven gas stops of #BrianLaundrie -- and cool live of Myakkahatchee Park. Did you g‚Ä¶
464,SEE,1455357802721984518,@onlyshadale we can‚Äôt wait to see you kill it in the lives! congrats! #VoiceKnockouts
465,SEE,1455357802671529986,bc you can see all their names? ‚Äî I need more advicesü§î you know I changed the methods to pick winners many times because you all keep telling me it's not fair or legit and it bothers me a lot.  https://t.co/CoflYKV68x
466,SEE,1455357802386378752,"RT @TheFunSizeGuy: Pad Man. Heartfelt, wonderfully acted. Based on a true story of Arunachalam, the inventor of today's affordable sanitary‚Ä¶"
467,SEE,1455357802273181697,Wanna see that emo dick?   #sissy #dickpic #cumtribute #cocktribute #pisstribute #jailbait #cumshot #nsfw #goddess #mistress #femdom #slave #cumwhore #cumslave #sissy #bwc #bbc #horny #nudes #ballcrushing #fatass #cumhole‚Ä¶
